{
  "name": "ionic-service-deploy",
  "version": "0.1.3",
  "homepage": "http://ionic.io",
  "authors": [
    "Joel Weirauch <joel@drifty.com>",
    "William Pelrine <rudy@drifty.com>",
    "Eric Bobbitt <eric@drifty.com>"
  ],
  "description": "Ionic Mobile Platform Deploy client",
  "main": "ionic-deploy.js",
  "license": "Apache2",
  "dependencies": {
    "ionic-service-core": ">= 0.1.9"
  },
  "ignore": [
    "**/.*",
    "node_modules",
    "bower_components",
    "test",
    "tests"
  ],
  "_release": "0.1.3",
  "_resolution": {
    "type": "version",
    "tag": "v0.1.3",
    "commit": "fb25c49010c09515c71ba362003871f516783f09"
  },
  "_source": "git://github.com/driftyco/ionic-service-deploy.git",
  "_target": "~0.1.3",
  "_originalSource": "ionic-service-deploy",
  "_direct": true
}